{"Algeria": "Africa", "Angola": "Africa", "Benin": "Africa", "Botswana": "Africa", "Burkina Faso": "Africa", "Burundi": "Africa", "Cameroon": "Africa", "Cape Verde": "Africa", "Central African Republic": "Africa", "Chad": "Africa", "Comoros": "Africa", "Democratic Congo": "Africa", "Congo": "Africa", "Djibouti": "Africa", "Egypt": "Africa", "Equatorial Guinea": "Africa", "Eritrea": "Africa", "Eswatini": "Africa", "Ethiopia": "Africa", "Gabon": "Africa", "Gambia": "Africa", "Ghana": "Africa", "Guinea": "Africa", "Guinea-Bissau": "Africa", "C\u00f4te d'Ivoire": "Africa", "Kenya": "Africa", "Lesotho": "Africa", "Liberia": "Africa", "Libya": "Africa", "Madagascar": "Africa", "Malawi": "Africa", "Mali": "Africa", "Mauritania": "Africa", "Mauritius": "Africa", "Morocco": "Africa", "Mozambique": "Africa", "Namibia": "Africa", "Niger": "Africa", "Nigeria": "Africa", "Rwanda": "Africa", "S\u00e3o Tom\u00e9 and Pr\u00edncipe": "Africa", "Senegal": "Africa", "Seychelles": "Africa", "Sierra Leone": "Africa", "Somalia": "Africa", "South Africa": "Africa", "South Sudan": "Africa", "Sudan": "Africa", "Tanzania": "Africa", "Togo": "Africa", "Tunisia": "Africa", "Uganda": "Africa", "Zambia": "Africa", "Zimbabwe": "Africa", "Afghanistan": "Asia", "Armenia": "Asia", "Azerbaijan": "Asia", "Bahrain": "Asia", "Bangladesh": "Asia", "Bhutan": "Asia", "Brunei": "Asia", "Cambodia": "Asia", "China": "Asia", "Cyprus": "Asia", "East Timor": "Asia", "Georgia": "Asia", "India": "Asia", "Indonesia": "Asia", "Iran": "Asia", "Iraq": "Asia", "Israel": "Asia", "Japan": "Asia", "Jordan": "Asia", "Kazakhstan": "Asia", "North Korea": "Asia", "South Korea": "Asia", "Kuwait": "Asia", "Kyrgyzstan": "Asia", "Laos": "Asia", "Lebanon": "Asia", "Malaysia": "Asia", "Maldives": "Asia", "Mongolia": "Asia", "Myanmar": "Asia", "Nepal": "Asia", "Oman": "Asia", "Pakistan": "Asia", "Palestine": "Asia", "Philippines": "Asia", "Qatar": "Asia", "Saudi Arabia": "Asia", "Singapore": "Asia", "Sri Lanka": "Asia", "Syria": "Asia", "Tajikistan": "Asia", "Taiwan": "Asia", "Thailand": "Asia", "Turkey": "Asia", "Turkmenistan": "Asia", "United Arab Emirates": "Asia", "Uzbekistan": "Asia", "Vietnam": "Asia", "Yemen": "Asia", "Albania": "Europe", "Andorra": "Europe", "Austria": "Europe", "Belarus": "Europe", "Belgium": "Europe", "Bosnia and Herzegovina": "Europe", "Bulgaria": "Europe", "Croatia": "Europe", "Czechia": "Europe", "Denmark": "Europe", "Estonia": "Europe", "Finland": "Europe", "France": "Europe", "Germany": "Europe", "Greece": "Europe", "Hungary": "Europe", "Iceland": "Europe", "Ireland": "Europe", "Italy": "Europe", "Kosovo": "Europe", "Latvia": "Europe", "Liechtenstein": "Europe", "Lithuania": "Europe", "Luxembourg": "Europe", "Malta": "Europe", "Moldova": "Europe", "Monaco": "Europe", "Montenegro": "Europe", "Netherlands": "Europe", "North Macedonia": "Europe", "Norway": "Europe", "Poland": "Europe", "Portugal": "Europe", "Romania": "Europe", "Russia": "Europe", "San Marino": "Europe", "Serbia": "Europe", "Slovakia": "Europe", "Slovenia": "Europe", "Spain": "Europe", "Sweden": "Europe", "Switzerland": "Europe", "Ukraine": "Europe", "United Kingdom": "Europe", "Vatican City": "Europe", "Antigua and Barbuda": "North America", "The Bahamas": "North America", "Barbados": "North America", "Belize": "North America", "Canada": "North America", "Costa Rica": "North America", "Cuba": "North America", "Dominica": "North America", "Dominican Republic": "North America", "El Salvador": "North America", "Grenada": "North America", "Guatemala": "North America", "Haiti": "North America", "Honduras": "North America", "Jamaica": "North America", "Mexico": "North America", "Nicaragua": "North America", "Panama": "North America", "Saint Kitts and Nevis": "North America", "Saint Lucia": "North America", "Saint Vincent and the Grenadines": "North America", "United States": "North America", "Argentina": "South America", "Bolivia": "South America", "Brazil": "South America", "Chile": "South America", "Colombia": "South America", "Ecuador": "South America", "Guyana": "South America", "Paraguay": "South America", "Peru": "South America", "Suriname": "South America", "Trinidad and Tobago": "South America", "Uruguay": "South America", "Venezuela": "South America", "Australia": "Oceania", "Cook Islands": "Oceania", "Federated States of Micronesia": "Oceania", "Fiji": "Oceania", "Kiribati": "Oceania", "Marshall Islands": "Oceania", "Nauru": "Oceania", "New Zealand": "Oceania", "Niue": "Oceania", "Palau": "Oceania", "Papua New Guinea": "Oceania", "Samoa": "Oceania", "Solomon Islands": "Oceania", "Tonga": "Oceania", "Tuvalu": "Oceania", "Vanuatu": "Oceania", "Czech Republic": "Europe", "USA": "North America", "Antarctica": "Antarctica", "Reunion": "Africa", "Mayotte": "Africa", "American Samoa": "Oceania", "Canary Islands": "Africa", "Greenland": "North America"}